{
    "NIQE": {
        "Average": {
            "VID_20240523_165150": 5.878062513978654
        },
        "TotalAverage": 5.878062513978654,
        "VID_20240523_165150": {
            "00001.png": 6.118394407929653,
            "00002.png": 6.015010623835067,
            "00003.png": 6.152123911223023,
            "00004.png": 6.121467125440912,
            "00005.png": 6.148477406865723,
            "00006.png": 6.277875077872156,
            "00007.png": 5.8725555856231,
            "00008.png": 6.01347800721654,
            "00009.png": 6.214176552569826,
            "00010.png": 6.121922453463865,
            "00011.png": 6.087600867340687,
            "00012.png": 6.139295407416731,
            "00013.png": 6.267225506335996,
            "00014.png": 6.423504028673212,
            "00015.png": 5.999088193563375,
            "00016.png": 6.270107013198077,
            "00017.png": 6.351901311591181,
            "00018.png": 6.3348171641503015,
            "00019.png": 6.29502964983014,
            "00020.png": 6.225976335732627,
            "00021.png": 6.310678122276269,
            "00022.png": 6.4047450524885665,
            "00023.png": 6.298940038386167,
            "00024.png": 6.439473280564983,
            "00025.png": 6.294426090605463,
            "00026.png": 6.5528331099637045,
            "00027.png": 6.603700365458543,
            "00028.png": 6.412236177327635,
            "00029.png": 5.981683545172818,
            "00030.png": 6.23428095622288,
            "00031.png": 6.409222653977047,
            "00032.png": 5.946161229509304,
            "00033.png": 6.091651947890218,
            "00034.png": 6.183427351062379,
            "00035.png": 6.214004135250868,
            "00036.png": 6.322930722752049,
            "00037.png": 5.961517182939437,
            "00038.png": 5.859518596001465,
            "00039.png": 6.172014071284782,
            "00040.png": 5.644115524565898,
            "00041.png": 6.112985099106712,
            "00042.png": 5.928762333149175,
            "00043.png": 5.881393675024128,
            "00044.png": 5.8061292286809945,
            "00045.png": 5.75265392770454,
            "00046.png": 5.6542149565232105,
            "00047.png": 6.057007775133551,
            "00048.png": 5.7658363596973174,
            "00049.png": 5.808155534492495,
            "00050.png": 5.863898570585971,
            "00051.png": 5.753219571469993,
            "00052.png": 5.8196821817898865,
            "00053.png": 5.769992222951292,
            "00054.png": 5.628851297816443,
            "00055.png": 5.7851773622204155,
            "00056.png": 6.070017292058389,
            "00057.png": 5.900930066909857,
            "00058.png": 5.913619437568225,
            "00059.png": 5.610119938322717,
            "00060.png": 5.640491523168637,
            "00061.png": 5.695022939200643,
            "00062.png": 5.68848669935563,
            "00063.png": 5.257611157944907,
            "00064.png": 5.773028462818783,
            "00065.png": 5.491849622835501,
            "00066.png": 5.535037479874543,
            "00067.png": 5.9654649028627444,
            "00068.png": 5.463385607344169,
            "00069.png": 5.497613194871193,
            "00070.png": 5.3460278743357605,
            "00071.png": 5.6799613843817625,
            "00072.png": 5.65387053360502,
            "00073.png": 5.567499888125524,
            "00074.png": 5.186577200406173,
            "00075.png": 5.441265706654915,
            "00076.png": 5.536248819084861,
            "00077.png": 5.662895996721499,
            "00078.png": 5.353813346944691,
            "00079.png": 5.423624433072549,
            "00080.png": 5.300069921469629,
            "00081.png": 5.6755116778974495,
            "00082.png": 5.223199157908045,
            "00083.png": 5.7131969442295345,
            "00084.png": 5.489291639215798,
            "00085.png": 5.392760702237663,
            "00086.png": 5.599836645334043,
            "00087.png": 5.69806059221656,
            "00088.png": 5.547922485963671,
            "00089.png": 6.054532648129253,
            "00090.png": 5.765755650890115,
            "00091.png": 5.9730300813158905,
            "00092.png": 5.418805301579725,
            "00093.png": 5.392498891145333,
            "00094.png": 5.715273035856636,
            "00095.png": 5.497284084544943,
            "00096.png": 5.559656766646841,
            "00097.png": 5.370522829831918,
            "00098.png": 6.132906925107598
        }
    },
    "PSNR": {
        "Average": {
            "VID_20240523_165150": 32.16461256418148
        },
        "TotalAverage": 32.16461256418148,
        "VID_20240523_165150": {
            "00001.png": 32.22551440542255,
            "00002.png": 30.154630135116975,
            "00003.png": 30.643362849592993,
            "00004.png": 31.123980659430956,
            "00005.png": 30.825459158515738,
            "00006.png": 30.827404523562983,
            "00007.png": 30.804542576906364,
            "00008.png": 28.681789282601095,
            "00009.png": 30.22006732934482,
            "00010.png": 30.119908671990903,
            "00011.png": 30.046023829224797,
            "00012.png": 30.871436496617974,
            "00013.png": 30.147101298558134,
            "00014.png": 30.207197945715723,
            "00015.png": 30.770547254396682,
            "00016.png": 29.75125886716421,
            "00017.png": 30.439733550862424,
            "00018.png": 30.753398751679704,
            "00019.png": 30.657837227039494,
            "00020.png": 30.221905853580463,
            "00021.png": 30.72539770571323,
            "00022.png": 29.978028109194483,
            "00023.png": 28.738148952989388,
            "00024.png": 29.67748233934881,
            "00025.png": 28.155219132627852,
            "00026.png": 29.610355972613323,
            "00027.png": 29.495448816926736,
            "00028.png": 28.584303435640305,
            "00029.png": 28.98033289383168,
            "00030.png": 28.43945569224489,
            "00031.png": 28.163655141377568,
            "00032.png": 28.162909298304175,
            "00033.png": 27.64701393819374,
            "00034.png": 28.301554820344755,
            "00035.png": 27.98794031514348,
            "00036.png": 28.364605835243133,
            "00037.png": 29.677702586836734,
            "00038.png": 28.01622584319866,
            "00039.png": 26.454689866409424,
            "00040.png": 30.06408607758989,
            "00041.png": 27.344500291144456,
            "00042.png": 30.711336369439486,
            "00043.png": 30.781063232575736,
            "00044.png": 29.933380168726732,
            "00045.png": 30.158873504433252,
            "00046.png": 30.76213700693707,
            "00047.png": 29.638113587801694,
            "00048.png": 31.55672369747034,
            "00049.png": 31.050484675740506,
            "00050.png": 31.349335342224414,
            "00051.png": 31.98966230269127,
            "00052.png": 31.329896593718736,
            "00053.png": 30.299773294790683,
            "00054.png": 31.306093599145015,
            "00055.png": 31.499078348551738,
            "00056.png": 30.455616763728408,
            "00057.png": 30.94550419563363,
            "00058.png": 31.40499640508462,
            "00059.png": 32.831713623661,
            "00060.png": 33.73339582485916,
            "00061.png": 32.77840512341529,
            "00062.png": 33.237338615464125,
            "00063.png": 33.73048368030824,
            "00064.png": 31.30073005038403,
            "00065.png": 32.88553813949501,
            "00066.png": 33.329567523508175,
            "00067.png": 33.64640979916227,
            "00068.png": 33.84320405318049,
            "00069.png": 33.686106119031294,
            "00070.png": 33.566652732511926,
            "00071.png": 33.07003452439993,
            "00072.png": 33.55682452210456,
            "00073.png": 33.62488986712642,
            "00074.png": 34.432533357585406,